Story ID,Prediction,Rationale
27,1,"The provided novel facts and excerpt contain no information about Tom Ayrton's (or Ben Joyce's) childhood, his running away at"
135,0,The backstory states that Faria's comrades helped him escape from prison in 1800.
95,0,The backstory states that Noirtier engineered his son Villefort’s 'lawful' murder.
59,1,The novel facts do not directly contradict any part of Thalcave's backstory.
60,1,"The novel facts and excerpt do not provide any information about Thalcave's past prior to the events of the novel, which begin in"
136,0,"The backstory states Faria 'From 1800 onward he lived quietly on a small island, drafting a vast work on human intelligence while"
124,1,The backstory states that Faria witnessed Caderousse stealing a mooring rope on the Marseille quay and said nothing.
111,1,"The novel fact states that Faria deduces Villefort burned an 'incriminating letter to protect his father, Noirtier.' Given the"
101,1,The backstory states that Noirtier joined a radical republican cell at eighteen.
56,1,"The novel facts state that Thalcave 'predicts a change in weather (a 'pampero') by observing the western sky,' indicating he"
80,1,The backstory establishes Kai-Koumou as a prodigy in warrior skills and an early
24,0,"The backstory states that Jacques Paganel was 'recommended for a berth on Captain Grant’s new ship Brittany.' However, the"
110,1,"The novel facts state that Villefort burned an 'incriminating letter to protect his father, Noirtier.' This implies Noirtier had"
42,1,"The backstory states the character is Tom Ayrton/Ben Joyce, which is consistent with the novel facts that refer to 'Ayrton' and"
28,1,The provided novel facts and excerpt do not contain any information that directly or explicitly contradicts the backstory of Tom
91,0,The backstory claims Noirtier organized assassinations using an 'arsenic phial' that remains in his desk.
72,1,"The evidence portrays Kai-Koumou as a direct, open enemy and warrior of the Engl"
16,1,The backstory states Jacques Paganel was born in Calcutta to a British merchant father and a French nurse mother.
119,1,"The backstory states Faria was confined in Fenestrella Fortress, where he scratched an essay into limestone with a nail, and the"
93,1,"The novel facts state that Faria deduces Villefort burned an 'incriminating letter' to protect his father, Noirtier."
30,0,The backstory states Tom Ayrton/Ben Joyce became 'second mate' of the 'Indian-Ocean pirate crew Black Tide'.
97,1,The provided novel facts and excerpt do not contain any information that directly contradicts Noirtier having 'Poison Mastery'
53,1,"The backstory states that Thalcave, while gentling Thaouka, plunged off a cliff, was badly hurt, used herbs to survive, and"
22,1,The backstory for Jacques Paganel is consistent with the provided novel facts and excerpt.
121,0,"The backstory states Faria met Edmond Dantès’ father aboard a prison transport and heard tales of the merchant Pharaon, which"
129,1,"The backstory states that Faria learned to carve fish-bone pen-nibs, allowing him to pursue scholarship without proper tools."
81,1,The evidence contradicts nearly every specific detail of the backstory. The back
51,1,The provided novel facts and excerpt do not contain any information that directly contradicts Thalcave's backstory.
58,1,The backstory states that Thalcave was 'shown European maps' and 'taught ...
7,1,The novel facts and excerpt do not provide any information that directly contradicts the backstory of Jacques Paganel.
127,1,"The backstory states that Faria kept his wits by calculating Mediterranean tides, which later helped him predict guards' rounds."
47,1,"The provided novel facts and excerpt contain no information about Thalcave's father, his death, the circumstances of his death"
52,1,The backstory states Thalcave trapped and tamed a black stallion named Thaouka on the Patagonian frontier using Tehuelche
2,1,"The backstory describes Jacques Paganel's childhood experience of secretly studying Latin, being punished, and learning basic"
114,1,"The backstory states Faria entered Bologna University at twelve, read theology and chemistry, and decoded ciphers in a"
82,1,"The evidence portrays Kai-Koumou as a powerful, uncaptured chief leading his tri"
33,1,The novel facts confirm the existence of Captain Grant and his crew (implied by 'The Quartermaster of the Britannia' and the
133,1,"The novel facts describe Faria as highly intelligent, ingenious, and a teacher of many subjects and languages to Dantès."
37,1,"The backstory for Tom Ayrton/Ben Joyce describes his birth, family (fisherman father, deceased mother, elder brother Benjamin)"
15,1,"The novel facts and excerpt do not provide any information about Jacques Paganel's past experiences in the Amazon, nor do they"
3,1,"The novel facts and excerpt provide no information about Jacques Paganel's family, his childhood, or the circumstances under"
85,0,The backstory states Kai-Koumou volunteered to lead a pursuit for foreigners see
21,0,The backstory states that Jacques Paganel was a 'young sailor' promoted to 'ship’s assistant' on a 'Royal Navy frigate HMS
49,1,The novel facts do not present any direct or explicit contradictions to Thalcave's backstory.
94,1,The provided novel facts and excerpt do not contain any information that directly or explicitly contradicts the backstory for
140,1,The backstory states that 'Friendships forged in secret cells and exile sustained him through the long years of imprisonment and
64,1,The novel facts and excerpt do not provide any information that directly contradicts Thalcave's backstory.
103,0,The backstory states that Noirtier 'distanced himself from former comrades and grew wary of power’s corruption' as Napoleon
131,1,"The backstory states Faria was born in 1760, which means he would be 47 years old when he discovered the treasure map in 1807 (as"
86,0,The evidence strongly contradicts the claims that Kai-Koumou 'valued life' and t
77,0,The evidence strongly contradicts the backstory. Kai-Koumou is portrayed as a fi
61,1,The novel facts do not contain any information that directly contradicts Thalcave's backstory.
38,1,"The novel facts establish Tom Ayrton as Ben Joyce, an escaped convict."
70,1,The evidence strongly supports Kai-Koumou's deep hostility towards the English/E
132,1,"The backstory states Faria was a star student at Rome University by eighteen, fluent in several languages, and publishing notes"
115,1,"The novel facts and excerpt do not provide any information about Faria's religious background, his travels to Goa, or his"
75,1,The evidence strongly supports Kai-Koumou's deep hostility towards colonizers an
44,1,"The backstory describes Tom Ayrton/Ben Joyce experiencing solitude, pride, remorse, self-loathing for a betrayal, and relief that"
78,1,The evidence strongly supports the backstory. Kai-Koumou is depicted as a powerf
87,0,The backstory states Noirtier's father was guillotined in 1792 for 'hiding exiled aristocrats'.
